TaxBracket,avgMarginalRate
a,0
b,0.186990713857464
c,0.361383888438413
d,0.389962325852652
e,0.489988423014301
